CREATE DATABASE  IF NOT EXISTS `sozialraum_db_neu` /*!40100 DEFAULT CHARACTER SET utf8 COLLATE utf8_bin */;
USE `sozialraum_db_neu`;
-- MySQL dump 10.13  Distrib 5.7.17, for Win64 (x86_64)
--
-- Host: 127.0.0.1    Database: sozialraum_db_neu
-- ------------------------------------------------------
-- Server version	5.7.17-log

/*!40101 SET @OLD_CHARACTER_SET_CLIENT=@@CHARACTER_SET_CLIENT */;
/*!40101 SET @OLD_CHARACTER_SET_RESULTS=@@CHARACTER_SET_RESULTS */;
/*!40101 SET @OLD_COLLATION_CONNECTION=@@COLLATION_CONNECTION */;
/*!40101 SET NAMES utf8 */;
/*!40103 SET @OLD_TIME_ZONE=@@TIME_ZONE */;
/*!40103 SET TIME_ZONE='+00:00' */;
/*!40014 SET @OLD_UNIQUE_CHECKS=@@UNIQUE_CHECKS, UNIQUE_CHECKS=0 */;
/*!40014 SET @OLD_FOREIGN_KEY_CHECKS=@@FOREIGN_KEY_CHECKS, FOREIGN_KEY_CHECKS=0 */;
/*!40101 SET @OLD_SQL_MODE=@@SQL_MODE, SQL_MODE='NO_AUTO_VALUE_ON_ZERO' */;
/*!40111 SET @OLD_SQL_NOTES=@@SQL_NOTES, SQL_NOTES=0 */;

--
-- Table structure for table `kat_mapping`
--

DROP TABLE IF EXISTS `kat_mapping`;
/*!40101 SET @saved_cs_client     = @@character_set_client */;
/*!40101 SET character_set_client = utf8 */;
CREATE TABLE `kat_mapping` (
  `kat_id` int(11) NOT NULL AUTO_INCREMENT,
  `parent_kat_id` int(11) NOT NULL,
  PRIMARY KEY (`kat_id`,`parent_kat_id`),
  KEY `oberkategorie_idx` (`parent_kat_id`),
  KEY `kat_id_idx` (`kat_id`)
) ENGINE=InnoDB AUTO_INCREMENT=68 DEFAULT CHARSET=utf8;
/*!40101 SET character_set_client = @saved_cs_client */;

--
-- Dumping data for table `kat_mapping`
--

LOCK TABLES `kat_mapping` WRITE;
/*!40000 ALTER TABLE `kat_mapping` DISABLE KEYS */;
INSERT INTO `kat_mapping` VALUES (1,0),(2,0),(3,0),(4,1),(5,1),(6,1),(7,1),(12,1),(13,1),(8,2),(9,2),(10,2),(11,2),(14,3),(15,3),(16,3);
/*!40000 ALTER TABLE `kat_mapping` ENABLE KEYS */;
UNLOCK TABLES;

--
-- Table structure for table `kategorie`
--

DROP TABLE IF EXISTS `kategorie`;
/*!40101 SET @saved_cs_client     = @@character_set_client */;
/*!40101 SET character_set_client = utf8 */;
CREATE TABLE `kategorie` (
  `id` int(11) NOT NULL,
  `name` varchar(100) NOT NULL,
  PRIMARY KEY (`id`)
) ENGINE=InnoDB DEFAULT CHARSET=utf8;
/*!40101 SET character_set_client = @saved_cs_client */;

--
-- Dumping data for table `kategorie`
--

LOCK TABLES `kategorie` WRITE;
/*!40000 ALTER TABLE `kategorie` DISABLE KEYS */;
INSERT INTO `kategorie` VALUES (1,'Beratung'),(2,'Hilfen'),(3,'Integration'),(4,'Seelische Beratung'),(5,'Sozialberatung'),(6,'Migrationsberatung'),(7,'Sprachliche Beratung'),(8,'Ehrenamtliche Hilfe'),(9,'Medizinische Hilfe'),(10,'Therapeutische Hilfe'),(11,'Frühen Hilfe'),(12,'Wohnungssuche'),(13,'Familienberatung'),(14,'Schulbezogenes Angebot'),(15,'Berufliche Integration'),(16,'Kinder und jugendliche Angebote');
/*!40000 ALTER TABLE `kategorie` ENABLE KEYS */;
UNLOCK TABLES;

--
-- Table structure for table `traeger`
--

DROP TABLE IF EXISTS `traeger`;
/*!40101 SET @saved_cs_client     = @@character_set_client */;
/*!40101 SET character_set_client = utf8 */;
CREATE TABLE `traeger` (
  `id` int(11) NOT NULL AUTO_INCREMENT,
  `name` varchar(200) DEFAULT NULL,
  `plz` int(11) DEFAULT NULL,
  `strasse` varchar(150) DEFAULT NULL,
  `hausnummer` int(11) DEFAULT NULL,
  `telefon` varchar(45) DEFAULT NULL,
  `fax` varchar(45) DEFAULT NULL,
  `ansprechpartner` varchar(100) DEFAULT NULL,
  `email` varchar(100) DEFAULT NULL,
  `website` varchar(150) DEFAULT NULL,
  `angebot` varchar(250) DEFAULT NULL,
  `sprachen` varchar(100) DEFAULT NULL,
  `latitude` double DEFAULT NULL,
  `longitude` double DEFAULT NULL,
  PRIMARY KEY (`id`)
) ENGINE=InnoDB AUTO_INCREMENT=120 DEFAULT CHARSET=utf8;
/*!40101 SET character_set_client = @saved_cs_client */;

--
-- Dumping data for table `traeger`
--

LOCK TABLES `traeger` WRITE;
/*!40000 ALTER TABLE `traeger` DISABLE KEYS */;
INSERT INTO `traeger` VALUES (1,'Beratungszentrum Roma und Cinti Union e.V.',22041,'Am Neumarkt',38,'Tel: 040/ 31 05 21','Fax: 040/ 31 04 75','','rcu.ev@web.de','https://www.rcu-info.de/beratungszentrum.html','Begegnungsstelle, Vermittlung ins Hilfesystem, Unterstützung bei ','Romanes',1,2),(2,'Johann-Daniel-Lawaetz-Stiftung, Jugend Aktiv Plus',NULL,NULL,NULL,'Tel.: 040 / 39 99 36 – 43 oder – 44',NULL,'Sieglinde Ritz und Runhild Mehrkens','ritz@lawaetz.de; mehrkens@lawaetz.de','http://jugendaktivplus-hamburg.de/home.html',NULL,NULL,3,4),(3,'Ev.-luth. Kirchenkreis Hamburg-Ost, Jugend Aktiv Plus',22359,'Rockenhof ',1,'Tel: 040/ 65 86 58 67','Fax: 040/ 83 98 76 64','Babette Kaendler','jugendaktiv.jenfeld@yahoo.de',NULL,'Berufliche Integration',NULL,5,6),(4,'ABS -JoSchuA (Job Schule Arbeit)',22177,'Bramfelder Chaussee',288,'Tel: 040/ 55612825','Fax: 040/ 2845','Stefanie Bergmann','joschua@asb-hamburg.de',NULL,'Berufliche Integration, schulbezogene Angebote',NULL,336,12),(5,'FJHT e.V. -Wohnprojekt Bramfeld_Steilshoop',22309,'Edwin-Scharff-Ring',62,'Tel: 040/ 2531873-11','Fax: 040/ 2531873-20','Julia Lilienthal',NULL,NULL,'Berufliche Integration',NULL,688,686),(6,'Nordlicht e.V.-Jugend Aktiv Plus',22309,'Schreyerring',45,'Tel: 040/ 28512 801','Fax: 040/ 28512 807','Yasmin Asadie','jugendaktiv@nordlicht-ev.de','','Berufliche Integration',NULL,666,887),(7,'Fit for future',22143,'Großlohering',49,'Tel: 040/ 6771419',NULL,'Kirchengemeinde Alt-Rahlstedt','fitforfutureKGGrosslohe@web.de',NULL,'Mittagstisch, Berufsorientierung, Bewerben',NULL,555,57),(8,'Jugend Aktiv Plus',22143,'Rahlstedter Bahnhofstr.',7,'Tel: 040/ 6772027',NULL,'Streetlife e.V.',NULL,'streetwork-rahlstedt@web.de','Beratung Übergang Schule-Beruf',NULL,554,8678),(9,'Nordlicht-soziale Gruppenarbeit',22159,'August-Krogmann Str.',1,'Tel: 0176 61870901',NULL,'Frau Asadie','yasadie@nordlicht-ev.de','','Berufsorientierung',NULL,6556,55656),(10,'Hamburger Kinder- und Jugendhilfe e.V.',22089,'Papenstr.',84,'040 200008 28',NULL,'Günther Spier ','moebelkiste.wandsbek@hakiju-lokal.de','http://www.moebelkiste-wandsbek.de','Sachspenden',NULL,545,455),(11,'Kulturschloss Wandsbek /',22041,'Königsreihe',4,'Tel: 040 68 28 54 55',NULL,'Alexander Weil, Katja Meybohm','koordinationskreis@kulturschloss-wandsbek.de','http://www.kulturschloss-wandsbek.de','sprachliche Bildung, sportliche und kulturelle Aktivitäten',NULL,22,22),(12,'Katholische Kirchengemeinde St. Joseph',NULL,NULL,NULL,'Tel: 73 67 03 71',NULL,'Michael Heinrichowski','heinrichowski.michael@gmx.de ','http://poppenbuettel-hilft.de/',' Begleitung, Deutschunterricht, Sport, Gärtnern, Feiern, Kochen, Spielen, Vorlesen, Singen, Hausaufgabenhilfe etc.',NULL,45,45),(13,'Poppenbüttel hilft e.V.',22399,'Maike-Harder-Weg',29,NULL,NULL,'Thomas Littmann','poppenbuettel.hilft@gmail.com','http://poppenbuettel-hilft.de/','Beratung, sprachliche Bildung, Hausaufgabenhilfe, Begleitung zu ',NULL,3232,455),(14,'Hummelsbüttel hilft',NULL,NULL,NULL,NULL,NULL,NULL,'info@hummelsbuettelhilft.de','http://www.hummelsbuettel-hilft.de','sprachliche Bildung, sportliche und kulturelle Aktivitäten',NULL,4552,452354),(15,'Kirche Alt-Rahlstedt ',22143,'Hohwachter Weg',2,'Tel: 040 677 15 75',NULL,'Karoline Schachtschneider','buero@kirche-alt-rahlstedt.de','http://www.kirche-alt-rahlstedt.de/','Sachspenden, sprachliche Bildung, sportliche und kulturelle Aktivitäten',NULL,24525,2245),(16,'Freundeskreis Asyl & Wohnen am ',22391,'Emekesweg',18,NULL,NULL,'Stephan Papke','info@freundeskreis-bergstedt.de','http://freundeskreis-bergstedt.de','sprachliche Bildung, sportliche und kulturelle Aktivitäten',NULL,878,4522),(17,'Ohlstedt hilft e.V.',22397,NULL,NULL,'Tel: 01578 608 41 77',NULL,'Mouna Duve','kontakt@ohlstedt-hilft.de',NULL,'Sachspenden, sprachliche Bildung, sportliche und kulturelle Aktivitäten',NULL,452,21),(18,'Lemsahl hilft e.V.i.Gr. ',22397,NULL,NULL,'Tel:  0176 / 745 111 36',NULL,'Caroline Kreusler','kontakt@lemsahl-hilft.de','http://lemsahl-hilft.de/','Sachspenden, sprachliche Bildung, sportliche und kulturelle Aktivitäten',NULL,5,6),(19,'OH:JA - Oldenfelde hilft jugendlichen Asylbewerbern ',NULL,NULL,NULL,NULL,NULL,'Klaus Schmidt-Siebrecht','OH-JA2015@web.de',NULL,'berufliche,schulische,sprachliche Bildung, Mentoring, kulturelle und',NULL,45,1),(20,'KulturTeam',NULL,NULL,NULL,NULL,NULL,'Sophie Hall / Taner Kimil','info@kulturteam-hamburg.de','www.kulturteam-hamburg.de','Sportliche und kulturelle Aktivitäten, Zusammenführung deutscher Jugendlicher und junger Flüchtlinge',NULL,65,78),(21,'IMIC e.V. (Interkulturelles Migranten Integrations Center)',22041,'Königsreihe',22,'Tel: 040 68949969',NULL,'Sylvaina Gerlich','info@imicenter.com','www.imicenter.com','Beratung, sprachliche Bildung, Hausaufgabenhilfe, Begleitung zu ',NULL,56,654),(22,'Freundeskreis für Asylbewerber e.V.',NULL,NULL,NULL,NULL,NULL,'Bärbel Bach','baerbel.bach@gmx.de',NULL,'sprachliche Bildung, sportliche und kulturelle Aktivitäten',NULL,45,12),(23,'Erziehungs-und Familienberatungsstelle Wandsbek',22043,'Bovestr.',40,'Tel: 040/ 42881 2205',NULL,NULL,'erziehungsberatung-wandsbek@wandsbek.hamburg.de',NULL,'Beratung, Information, Vermittlung, Gruppenarbeit','arbeiten mit Dolmetschern',5342,45),(24,'Elternschule Jenfeld',22043,'Rodigallee',233,'Tel: 040/ 6685 9437',NULL,NULL,NULL,NULL,'Kursangebote u.a.',NULL,32,12),(25,'Aktive Nachbarschaftshife e.V. - Eltern aufsuchen und unterstützen',22045,'Oppelner Str.',5,'Tel: 040/ 41 36 64 53','Fax: 040/ 65 39 01 80','Susann Lösel','eltern@jenfelder-kaffeekanne.de',NULL,'Aufsuchende Familienunterstützung (StraSo), Gruppenangebote,Bildungsförderung, Migration',NULL,42,12),(26,'Kita Dahlemer Ring, Eltern-Kind-Zentrum',22045,'Dahlemer Ring',3,'Tel: 040/ 673 1323',NULL,NULL,NULL,NULL,'Treff, Austausch, Spielmöglichkeiten für Kinder',NULL,24,53),(27,'Kita Bengelsdorfstr., Eltern-Kind-Zentrum',22179,'Bengelsdorfstr.',7,'Tel: 040/ 6965 6771',NULL,NULL,NULL,NULL,'Treff, Austausch, Spielmöglichkeiten für Kinder',NULL,452,4),(28,'ASB Sozialeinrichtungen Hamburg -Erweiterung Primarprojekt und Sozialberatung',20097,'Heidenkampsweg ',81,'Tel: 040/ 27 88 61 28','Fax: 040/ 27 88 61 38',NULL,NULL,NULL,'Familienunterstützung, Erziehungsberatung',NULL,445,654),(29,'ASB Sozialeinrichtungen Hamburg -Erweiterung Primarprojekt und Sozialberatung',20097,'Heidenkampsweg ',81,'Tel: 040/ 27 88 61 28','Fax: 040/ 27 88 61 38',NULL,NULL,NULL,'Familienunterstützung, Erziehungsberatung',NULL,455,2412),(30,'AA-Ost-Familientreff Bramfeld',22177,'Bramfelder Chaussee ',189,'Tel: 040/ 226 30 31 30',NULL,'Maiken Liß','Familientreff@alsterdorf-assistenz-ost.de',NULL,'Familienunterstützung, Erziehungsberatung, Verbindliche Hilfen,offene Treffs, Vorlesen, Familienfrühstück, offene Spielzeit',NULL,242,4254),(31,'Kita Steilshooper Allee, Eltern-Kind-Zentrum',22179,'Steilshooper Allee ',30,'Tel: 040/ 6690 8983',NULL,NULL,NULL,NULL,'Treff, Austausch, Spielmöglichkeiten für Kinder',NULL,42254,42524),(32,'Nordlicht e.V.-Familienservicepoint',22309,'Gropiusring ',43,'Tel: 0176-63818337',NULL,'Frauke Ubben','F.Ubben@nordlicht-ev.de',NULL,'Familienunterstützung, Treffpunkt, Begleitung und Beratung,',NULL,452,24542),(33,'Elternschule Steilshoop',22309,'Gropiusring ',43,'Tel: 040/ 42898 0600',NULL,NULL,NULL,NULL,'Kursangebote u.a.',NULL,24524,254245),(34,'Evang. Familienbildung Poppenbüttel, Elternschule',22399,'Poppenbütteler Weg ',97,'Tel: 040/ 6022 110',NULL,'S. Rautenberg-Müller','info@fbs-poppenbuettel.de',NULL,'Kursangebote u.a.',NULL,2452,4252),(35,'Familienhelden, Sieben Brücken',21149,'Schimmelreiterweg ',1,'Tel. 040/ 6721909',NULL,'Familienhelden','j-s@startloch.de',NULL,'Familienfrühstück mit Einzelfallberatung am Wochenende',NULL,212,1212),(36,'KiFaZ Großlohe',22143,'Hoffmannstieg',7,'Tel: 040/ 6756 3266',NULL,NULL,NULL,NULL,'Treff, Austausch, Spielen, Kurse',NULL,2102,42554),(37,'Kita Rappelkiste, Eltern-Kind-Zentrum',22147,'Hermann-Balk-Str. ',47,'Tel: 040/ 8398 9663',NULL,NULL,NULL,NULL,'Treff, Austausch, Spielmöglichkeiten für Kinder',NULL,1220,1010),(38,'Elternschule Farmsen Berne',22147,'Bekassinenau ',126,'Tel: 040/ 6476388',NULL,'Doris Kuhr','elternschule-farmsen-berne@wandsbek.hamburg.de',NULL,'Kursangebote u.a.',NULL,1000,0),(39,'Familiennetzwerk Oldenfelde',22147,'Greifenbergerstr. ',67,'Tel: 040-64539843',NULL,'Vereinigung Pestalozzi/Für Soziales','info@fnw-oldenfelde.de','www.fnw-oldenfelde.de','Beratungsangebot, Frühstückstreffs, Sozialberatung, Erziehungsberatung, Ämterbegleitung, Wochenendangebot(jeden 4. Sonntag im Monat), Gruppe für Kinder aus psychisch und suchtbelasteten Familien, Gruppenangebot für Kinder zw. 8 und 12',NULL,0,110),(40,'Elternschule Hohenhorst-Rahlstedt ',22149,'Schöneberger Str. ',44,'Tel: 040/ 672 0727',NULL,NULL,NULL,NULL,'Kursangebote u.a.',NULL,545,1),(41,'AWO KiFaZ Farmsen Berne',22159,'August-Krogmann-Str. ',52,'Tel: 040/ 6450300',NULL,NULL,'kifaz.farmsen.berne@awo-hamburg.de',NULL,'Beratung, Kurse, Gruppenarbeit',NULL,455,3443),(42,'AWO Erziehungsberatung Farmsen-Berne, Walddörfer',22159,'August-Krogmann-Str. ',52,'Tel: 040/ 645 030 27',NULL,'Ulrike Halm','eb-farmsen-berne@awo-hamburg.de',NULL,'Beratung (auch aufsuch. Familienberatung), Krisenintervention',NULL,34454,45),(43,'Pestalozzi Stiftung- Familienaktivierungsteam (Faktiv)',22159,'Berner Heerweg ',366,'Tel: 040/ 64410410',NULL,'Faktiv 1: Piet Hansen','faktiv.wandsbk@pestalozzi-hamburg.de',NULL,'Beratung und Unterstützung, niedrigschwelliges, auch aufsuchendes ',NULL,543,5654),(44,'Pestalozzi-Stiftung, Treff Berne',22159,'Berner Heerweg ',366,'Tel: 040/ 659 951 64',NULL,'Sabine Land','treff.berne@pestalozzi-hamburg.de','http://www.fabelhaft-hh.de/einrichtungen/treff-berne/','Einzelberatung und offene Angebote (Elternfrühstück, Ausgabe von Kinderkleidung und Lebensmitteln), Computer, Internet, Cafe',NULL,34,345),(45,'Pfiff gGmbH-Familienrat',22041,'Brauhausstieg ',15,'Tel: 040/ 410984 8101',NULL,'Martina Erpenbeck','martina.erpenbeck@pfiff-hamburg.de',NULL,'Familienunterstützung',NULL,3445,3454),(46,'Frauenperspektiven in Hamburg e.V.',20146,'Dillstr. ',19,'Tel: 040/ 492 922 45',NULL,NULL,NULL,NULL,'Beratung und Bildungsangebote',NULL,8785,5454),(47,'Mütterberatung, Gesundheitsamt',22041,'Robert-Schumann-Brücke ',4,'Tel: 040/ 42881 2447',NULL,'Petra Hellmer','petra.hellmer@wandsbek.hamburg.de',NULL,'Beratung, Information, Vermittlung',NULL,545,254),(48,'Mütterberatungsstelle Jenfeld 2',22043,'Rodigallee',233,'Tel: 040/ 42881 2447',NULL,NULL,NULL,NULL,'Untersuchung von Babys und kleinen Kindern, Hilfe bei Fragen zur',NULL,212,542),(49,'Mütterberatungsstelle Jenfeld 1',22045,'Bekkamp ',60,'Tel: 040/ 42881 2447',NULL,NULL,NULL,NULL,'Untersuchung von Babys und kleinen Kindern, Hilfe bei Fragen zur',NULL,1221,24512),(50,'Mütterberatungsstelle Bramfeld',22179,'Bengelsdorfstr. ',7,'Tel: 040/ 42881 2447',NULL,NULL,NULL,NULL,'Untersuchung von Babys und kleinen Kindern, Hilfe bei Fragen zur',NULL,211,5242),(51,'Familienteam Wandsbek/Eilbek/Marienthal',22041,'Bärenallee ',33,'Tel: 040/ 38 66 669 54','Fax: 040/ 38 66 669 40','Kerstin Heins','kerstin.heins@aladin-hamburg.de',NULL,NULL,NULL,221,2452),(52,'Aladin ambulante Hilfen und Therapie e.V. - Familiennetzwerk Wandsbek',22041,'Bärenallee ',33,'Tel: 040/ 38 66 669 54','Fax: 040/ 38 66 669 40','Kerstin Heins','kerstin.heins@aladin-hamburg.de','aladin-hamburg.de',NULL,NULL,2112,212),(53,'Familienhelden e.V. ',22149,'Rodigallee ',288,'Tel: 0176/ 569 389 70',NULL,'Thomas Vogt','thomas.vogt@familienhelden.de',NULL,'Familienhebammenbegleitung und sozialpädagogische Unterstützung',NULL,12,22),(54,'Familienteam Jenfeld/ Hohenhorst',22179,'Maimoorweg ',8,'Tel: 0163-594 39 87',NULL,'Petra Sohst-Westphal','familienhebammen-jenfeld@abendroth-haus.de',NULL,'Familienhebammenbegleitung und sozialpädagogische Unterstützung',NULL,452254,201),(55,'Familienteam Bramfeld, Steilshoop, Abendroth-Haus - Von Anfang an',22175,'Am Stühm Süd',138,'Tel: 040/ 98234857',NULL,'Melanie Zastrow','brahmfeld-nord@abendroth-haus.de',NULL,'Frühe Hilfen',NULL,122,1212),(56,'Abendroth-Haus',22179,'Maimoorweg ',8,'Tel: 040/ 64087218',NULL,'Busse von Colbe','bussevoncolbe@abendroth-haus.de',NULL,'amb. und stat. Hilfe SPFH (auch 0-3), §§ 30, 35, § 19, u.a., Trägereigener Wohnraum',NULL,2102,210),(57,'Mütterberatungsstelle Steilshoop 1',22309,'Gropiusring ',43,'Tel: 040/ 42881 4016',NULL,NULL,NULL,NULL,'Untersuchung von Babys und kleinen Kindern, Hilfe bei Fragen zur',NULL,11452,21212),(58,'Mütterberatungsstelle Steilshoop 2, im EKI-Zentrum',22309,'Steilshooper Allee ',30,'Tel: 040/ 42881 4010',NULL,NULL,NULL,NULL,'Untersuchung von Babys und kleinen Kindern, Hilfe bei Fragen zur',NULL,211,1211),(59,'Frühe Hilfen Altertal, Cafe International, Kita Löwenzahn',22399,'Norbert-Schmid-Platz ',2,'Tel: 040/ 60901920',NULL,NULL,NULL,NULL,'Cafe International jeden Di von 9:00-10:30',NULL,455,787),(60,'Familienteam Alstertal, Abendroth-Haus-Von Anfang an',22399,'Poppenbütteler Weg ',97,'Tel: 040/ 94797954','Fax: 040/ 38641893','Friederike Busse von Colbe',NULL,NULL,'gesundheitsbezogenes Angebot',NULL,7887,789),(61,'Ev. Familien-Bildungsstätte: Wellcome',22399,'Poppenbütteler Weg',97,'Tel: 040/63 97 51 52',NULL,NULL,'poppenbuettel@wellcome-online.de','www.wellcome-online.de','ehrenamtliche Unterstützung: Betreuung des Babys oder des',NULL,55454,242),(62,'Erziehungshilfe e.V., Frühe Hilfen Alstertal',22399,'Tegelsbarg ',1,'Tel: 040/ 60901920','Fax: 040/ -1919','Morgenroth','morgenroth@erziehungshilfe-hamburg.de','www.erziehunghilfe-hamburg.de','systemische Familienberatung, Beratung bei Regulationstörungen,',NULL,2452,4525),(63,'Familienteam Bramfeld/ Steilshoop',22179,'Maimoorweg ',8,'Tel: 0163-594 39 87',NULL,'Petra Sohst-Westphal',NULL,NULL,NULL,NULL,5425,554),(64,'Familienteam Alstertal',22179,'Maimoorweg ',8,NULL,NULL,NULL,NULL,NULL,NULL,NULL,10,22),(65,'Bauspielplatz Tegelsbarg',22399,'Tegelsbarg ',12,'Tel: 040/606 26 55',NULL,NULL,NULL,'www.tegelsbarg.de','Treff und Spielen, Toben, Fereinangebote, Fahrradwerkstatt,',NULL,25,32),(66,'Haus der Jugend',22399,'Tegelsbarg ',12,'Tel: 040 - 606 54 00',NULL,NULL,NULL,'http://www.hdj-tegelsbarg.de/ueberuns/tak-kontakt.html','diverse Freizeitangebote, Kurse, etc.',NULL,21,78),(67,'Malteser Migranten Medizin',22097,'Alfredstr.',9,'040/ 2546 1208',NULL,NULL,'mmm.hamburg@malteser.org',NULL,NULL,NULL,5454,5445),(68,'Internationaler Bund',22143,'Grubesallee',6,'Tel: 040/ 668 540 71',NULL,NULL,'iz-rahlstedt@internationaler-bund.de',NULL,'Integrationszentrum, Beratung und Vermittlung',NULL,52,554),(69,'Evangelische Jugendmigrationsdienste',22397,'Duvenstedter Damm ',10,'Tel:040/ 607 507 90',NULL,NULL,'jmd.alstertal@evamigra.de',NULL,'Integrationszentrum, Beratung und Vermittlung',NULL,21325,3232),(70,'Dracheninsel - Temporäre Lerngruppe am ReBBZ-Standort Wandsbek Süd',22043,'Hammer Str.',124,NULL,NULL,'Geschäftsstelle Nordlicht',NULL,NULL,NULL,NULL,54,211),(71,'Aktive Nachbarschaftshife e.V. - Schulkinderprojekt',22045,'Oppelner Str.',5,'Tel: 040/ 41 36 64 52','Fax: 040/ 65 39 01 80','Mathias Liebsch','schulkinder@jenfelder-kaffeekann.de',NULL,'Beratung, Erziehungsberatung Schulbezogenes Angebot',NULL,23,232),(72,'Your Turn-Schule-Jugendhilfe-Projekt',22089,'Menckesallee ',13,'Tel: 040/ 20 76 96 917','Fax: 040/ 20 76 96 940','Ortrud Freitag','ofreitag@rauheshaus.de',NULL,'Integratives Lernangebot an der Otto-Hahn-Stadtteilschule Jenfeld',NULL,2102,125),(73,'IB Nord: Mobile Sozialberatung',22143,'Hoffmannstieg ',3,'Tel: 040/ 67563266',NULL,'IB Verbund Nord',NULL,NULL,'Sozialberatung im Kinder-und Familienzentrum und weiteren',NULL,21,2121),(74,'AWO-Sozialberatung',22159,'August-Krogmann-Str. ',52,'Tel: 040/ 64503017',NULL,'Frau Varlemann','irene.Varlemann@awo-hamburg.de',NULL,'niedrigschwellige Sozialberatung',NULL,22,55),(75,'Aladin ambulante Hilfen und Therapie e.V. , Wellengang',22041,'Schlossstr. ',44,'Tel: 040/ 386666960',NULL,'Frau Standke-Erdmann','mail@wellengang-hamburg.de','www.wellengang-hamburg.de','therapeutisches Gruppenangebot, Anlaufstelle für Kinder und',NULL,77,88),(76,'Vereinigung Pestalozzi - Touch',22145,'Lapplandring',3,'Tel: 040/ 66857638',NULL,'Frau Bücker',NULL,NULL,'Tiergestütztes Gruppenangebot',NULL,88,66),(77,'Selbst und Sicher e.V., Traumasprechstunde Wandsbek',22041,'Bramfelder Dorfplatz ',1,'Tel: 040/ 46644468',NULL,NULL,'traumasprechstunde@selbstundsicher.de',NULL,NULL,NULL,252,2545),(78,'Schlupfloch-Gästewohnung',22143,'Rahlstedter Bahnhofstr.',7,'Tel: 040/ 6772027',NULL,'Streetlife e.V.','streetwork-rahlstedt@web.de',NULL,'Krisenwohnung, Beratung bzgl. Wohnungssuche',NULL,588,888),(79,'Vereinigung Pestalozzi, JUMP',22145,'Lapplandring ',3,'Tel: 040/ 66857638',NULL,'Frau Bücker',NULL,NULL,'Krisenwohnung (16-21 Jahre), Beratung von Eltern und',NULL,5435,2525),(80,'Mütterberatungsstelle Rahlstedt, im KiFaZ Großlohe',22143,'Hoffmannstieg ',7,'Tel: 040/ 42881 4602',NULL,NULL,NULL,NULL,'Untersuchung von Babys und kleinen Kindern, Hilfe bei Fragen zur',NULL,41,43),(81,'Mütterberatungsstelle Rahlstedt, im Frauen-und Mädchentreff',22143,'Mehlandsredder ',9,'Tel: 040/ 42881 4602',NULL,NULL,NULL,NULL,'Untersuchung von Babys und kleinen Kindern, Hilfe bei Fragen zur',NULL,41,58),(82,'Familienhebamme im Familiennetzwerk Oldenfelde',22147,'Greifenbergerstr. ',67,'Tel: 040 6459843',NULL,'Anke Wolf','anke.wolff@vereinigung-pestalozzi.de',NULL,'Hebammenbegleitung für Flüchtlingsunterkünfte in Meiendorf-Oldenfelde',NULL,48,59),(83,'Mütterberatungsstelle Oldenfelde/Meiendorf (im Eki-Z)',22147,'Hermann-Balk-Str. ',47,'Tel: 040/ 42881 4016',NULL,NULL,NULL,NULL,'Untersuchung von Babys und kleinen Kindern, Hilfe bei Fragen zur Ernährung und Pflege',NULL,32,61),(84,'Familienteam Farmsen-Berne, Meiendorf',22159,'Berner Heerweg ',366,'Tel: 040 80793128',NULL,' Diana Gehling-Schmidt','amilienteam.farmsenberne@pestalozzi-hamburg.de',NULL,'Familienhebammenbegleitung und sozialpädagogische Unterstützung',NULL,47,20),(85,'Familienteam Walddörfer',22339,'Tegelsbarg ',1,'Tel: 040 60901920',NULL,'Birte Ehlers','famHeb@erziehungshilfe-hamburg.de',NULL,'Familienhebammenbegleitung und sozialpädagogische Unterstützung',NULL,41,78),(86,'babylotse/ see you',22339,'Haselkamp ',33,'Tel: 040/ 644118468',NULL,'Sandra Woscidlo','Sandra Wosscidlo@seeyou-hamburg.de',NULL,'Beratung, Information, Vermittlung',NULL,22,36),(87,'Mütterberatungsstelle Volksdorf (Hebammenpraxis)',22359,'Lerchenberg ',35,'Tel: 040/ 42881 4602',NULL,'','',NULL,'Untersuchung von Babys und kleinen Kindern, Hilfe bei Fragen zur',NULL,17,32),(88,'Familienteam Jenfeld/ Hohenhorst',22179,'Maimoorweg ',8,'Tel: 0163-594 39 87',NULL,'Petra Sohst-Westphal','familienhebammen-jenfeld@abendroth-haus.de',NULL,'Familienhebammenbegleitung und sozialpädagogische Unterstützung',NULL,78,61),(89,'Familienteam Rahlstedt',NULL,NULL,NULL,NULL,NULL,NULL,NULL,NULL,'Familienhebammenbegleitung und sozialpädagogische Unterstützung',NULL,24,36),(90,'Pflegestützpunkt für Kinder und Jugendliche',20249,'Eppendorfer Landstr. ',59,'Tel: 040/ 428991 090',NULL,'Kirsten Fickinger','pflegestuetzpunkt-kinder@hamburg-nord.hamburg.de',NULL,'Beratung, Information, Vermittlung',NULL,47,78),(91,'Das Rauhe Haus',22111,'Beim Rauhen Haus',21,'Tel: 040/ 200065 92',NULL,'Susanne Sailer','ssailer@rauheshaus.de',NULL,'Frühförderung',NULL,77,425),(92,'Familienplanungszentrum',NULL,NULL,NULL,NULL,NULL,NULL,NULL,NULL,'Beratung um Schwangerschaft und -abbruch',NULL,12,7),(93,'Erziehungshilfe e.V., Frühstückstreff IGL',22415,'Flughafenstr.',NULL,'Tel: 040/60901920',NULL,NULL,NULL,NULL,'Frühstückstreff jeden Mi von 10-11:30 Uhr',NULL,71,4),(94,'Jugendclub Yes!',22147,'Ahrenshooper Str. ',5,'Tel: 040/ 471 136 11',NULL,'Frau Zeyn','info@yes-hamburg.de','www.yes-hamburg.de',NULL,NULL,213,43),(95,'Jugendtreff Oldenfelde (ASB)',22147,'Greifenbergerstr. ',71,'Tel: 040/6476638',NULL,'Herr Jacobsen','jto@asb-hamburg.de','www.asb-hamburg.de','offener Treff mit Spielen, Billiard, Internetcafe, Hilfe beim Lernen',NULL,213,50),(96,'Kindertreff Oldenfelde',22147,'Zinnowitzer Str. ',3,'Tel: 040/ 647 74 95',NULL,'Frau Trampert','kindertreff@msn.com','www.kindertreff-oldenfelde.de','',NULL,474,78),(97,'Ev.-luth. Kirchenkreis Hamburg-Ost, Your life Jungen und Männer',22359,'Rockenhof ',1,'Tel: 040/ 83 98 76 44','Fax: 040/ 83 98 76 64','Alexander Banaski','yourlife.jungen@yahoo.de',NULL,'Schulbezogene Projekte, Berufsorientierung, Lebensplanung',NULL,447,42),(98,'Star 2-Verein zur Förderung der kult. und ',22149,'Schimmelreiterweg ',1,'Tel: 040/ 67379511',NULL,'Jörn Stronkowski','j-s@startloch.de',NULL,'Gruppenarbeit',NULL,42,42),(99,'Starladin-Verein zur Förderung der Kult. und',22149,'Schimmelreiterweg ',1,'Tel: 040/ 67379511',NULL,'Jörn Stronkowski','j-s@startloch.de',NULL,'Gruppenarbeit',NULL,42,42),(100,'Stadtteiltrio',22149,'Grunewaldstr. ',78,'Tel:040/ 6720747',NULL,'Roman Zillmer','stadtteiltrio@getto-gruni.de',NULL,'Gruppenarbeit',NULL,42,458),(101,'Familienhelden, Sieben Brücken',22149,'Kielkoppelstr.',51,'Tel: 0177 9626536','Familienhelden',NULL,NULL,NULL,'Angebote für Kinder',NULL,42,400),(102,'Ev.-luth. Kirchenkreis Hamburg-Ost, Your life Mädchen und Frauen',22359,'Rockenhof ',1,'Tel: 040/ 83 98 76 33','Fax: 040/ 83 98 76 64','Simone Kokemor','yourlife.maedchen@yahoo.de',NULL,'Schulbezogene Projekte, Berufsorientierung, Lebensplanung, Worldcafe-Lernwerkstatt(Kochen, Reden, Kennenlernen für Mädchen mit untersch. Kulturellen Wurzeln), Deutsch-Afgh. Dialog für Frauen ab 18J.',NULL,42,123),(103,'Nordlicht-soziale Gruppenarbeit, Mädchen in Aktion (MIA)',22159,'August-Krogmann Str. ',1,'Tel: 0176 34875515',NULL,'Frau Krause','jkrause@nordlicht-ev.de',NULL,'Beratung und Unterstützung',NULL,21,32),(104,'Caritasverband für Hamburg e.V.',22041,'Wandsbek-Zentrum',NULL,'Tel: 696 667 890',NULL,NULL,NULL,NULL,'',NULL,78,32),(105,'EvaMigrA e.V.',22049,'Turnierstieg ',16,'Tel: 349 800 20',NULL,NULL,NULL,NULL,'Migrationsberatung in Integrationszentren','russisch',47,21),(106,'Caritasverband für Hamburg e.V.',22309,'Steilshoop',NULL,'Tel: 600 885 790',NULL,NULL,NULL,NULL,'',NULL,42,42),(107,'Flüchtlingszentrum',20097,'Adenauerallee ',10,NULL,NULL,NULL,NULL,NULL,'Information und Beratung','arabisch',23,11),(108,'Cafe Exil',20097,'Spaldingstr. ',41,'Tel: 040/ 882 386 82',NULL,NULL,NULL,NULL,'Treffpunkt und Beratung (Aufenthalt, Behörden, Formulare, Weitervermittlung)',NULL,23,115),(109,'Cafe Why Not?',20357,'Marktstr. ',55,'Tel: 040/ 430 00 25',NULL,NULL,'info@why-not.org',NULL,'Rechtliche, soziale Beratung, Bildung',NULL,14,13),(110,'Evangelische Jugendmigrationsdienste',22419,'Käkenflur ',16,'Tel: 040/ 520 136 00',NULL,NULL,'jan.hamann@evamigra.de',NULL,NULL,NULL,65,98),(111,'Fluchtpunkt',22769,'Eifflerstr. ',3,'Tel: 040/ 432 500 80',NULL,NULL,'info@fluchtpunkt-hamburg.de','www.fluchtpunkt-hamburg.de','Kirchliche Hilfe für Flüchtlinge: Asylverfahren, Abschiebungsschutz,',NULL,47,96),(112,'Verikom: i.bera und LALE',22767,'Am Alten Zoll ',1,'Tel: 040/ 638 576 74',NULL,NULL,'','www.ikb-frauen.de, www.verikom.d','Beratung in Muttersprache, Sozialberatung, Aufenthalt, Beratung bei',NULL,14,26),(113,'Integrierte Unterstützungsmaßnahme an der Gyula Trebitsch STS Tonndorf',22089,'Menckesallee ',13,'Tel: 040/ 20 76 96 917','Fax: 040/ 20 76 96 940','Ortrud Freitag','ofreitag@rauheshaus.de',NULL,'IUM an der Gyula Trebitsch Stadtteilschule',NULL,47,58),(114,'ASB Sozialeinrichtungen Hamburg GmbH – JUST-Primarprojekt',20097,'Heidenkampsweg ',81,'Tel: 040/ 27 88 61 28','Fax: 040/ 27 88 61 38',NULL,NULL,NULL,NULL,NULL,58,24),(115,'FC. Hellbrook - Rückenwind',22309,'Edwin-Scharff-Ring',57,'040/ 6301487',NULL,'Holger Schmidt',NULL,NULL,'Schulbezogene Projekte',NULL,47,35),(116,'Hamburger Kinder-und Jugendhilfe e.V.',NULL,NULL,NULL,'Tel: 040/ 2531873-11','Fax: 040/ 2531873-20','Julia Lilienthal',NULL,NULL,'Schulbezogene Projekte-GiK',NULL,12,39),(117,'Hamburger Kinder-und Jugendhilfe e.V.-Sozialtraining',NULL,NULL,NULL,NULL,NULL,NULL,NULL,NULL,'Schulbezogene Angebote, GiK',NULL,12,39),(118,'Erziehungshilfe e.V. Erziehungs-und Fachberatung',22159,'Hermelinweg ',10,'Tel: 040 60901910',NULL,'Erich Kästner Gesamtschule','aunin@erziehungshilfe-hamburg.de',NULL,'Erziehungs-und Familienberatung sowie Fachberatung',NULL,25,25),(119,'Erich-Kästner Gesamtschule: Erziehungshilfe e.V.',22159,'Hermelinweg ',10,'Tel: 040/ 60901910',NULL,'Herr Aunin','aunin@erziehunghilfe-hamburg.de',NULL,'Erziehungs-und Familienberatung, Fachberatung',NULL,25,25);
/*!40000 ALTER TABLE `traeger` ENABLE KEYS */;
UNLOCK TABLES;

--
-- Table structure for table `traeger_kat_mapping`
--

DROP TABLE IF EXISTS `traeger_kat_mapping`;
/*!40101 SET @saved_cs_client     = @@character_set_client */;
/*!40101 SET character_set_client = utf8 */;
CREATE TABLE `traeger_kat_mapping` (
  `traeger_id` int(11) NOT NULL,
  `traeger_kat_id` int(11) NOT NULL,
  PRIMARY KEY (`traeger_id`,`traeger_kat_id`),
  KEY `traeger_kat_id_idx` (`traeger_kat_id`),
  CONSTRAINT `traeger_id` FOREIGN KEY (`traeger_id`) REFERENCES `traeger` (`id`) ON DELETE NO ACTION ON UPDATE NO ACTION,
  CONSTRAINT `traeger_kat_id` FOREIGN KEY (`traeger_kat_id`) REFERENCES `kat_mapping` (`kat_id`) ON DELETE NO ACTION ON UPDATE NO ACTION
) ENGINE=InnoDB DEFAULT CHARSET=utf8;
/*!40101 SET character_set_client = @saved_cs_client */;

--
-- Dumping data for table `traeger_kat_mapping`
--

LOCK TABLES `traeger_kat_mapping` WRITE;
/*!40000 ALTER TABLE `traeger_kat_mapping` DISABLE KEYS */;
INSERT INTO `traeger_kat_mapping` VALUES (1,1),(2,1),(3,1),(4,1),(5,1),(6,1),(7,1),(8,1),(9,1),(23,1),(24,1),(25,1),(26,1),(27,1),(28,1),(29,1),(30,1),(31,1),(32,1),(33,1),(34,1),(35,1),(36,1),(37,1),(38,1),(39,1),(40,1),(41,1),(42,1),(43,1),(44,1),(45,1),(46,1),(68,1),(69,1),(73,1),(74,1),(76,1),(77,1),(78,1),(79,1),(104,1),(105,1),(106,1),(107,1),(108,1),(109,1),(110,1),(111,1),(112,1),(10,2),(11,2),(12,2),(13,2),(14,2),(15,2),(16,2),(17,2),(18,2),(19,2),(20,2),(21,2),(22,2),(47,2),(48,2),(49,2),(50,2),(51,2),(52,2),(53,2),(54,2),(55,2),(56,2),(57,2),(58,2),(59,2),(60,2),(61,2),(62,2),(63,2),(64,2),(67,2),(75,2),(76,2),(77,2),(80,2),(81,2),(82,2),(83,2),(84,2),(85,2),(86,2),(87,2),(88,2),(89,2),(90,2),(91,2),(92,2),(93,2),(2,3),(3,3),(4,3),(5,3),(6,3),(7,3),(8,3),(9,3),(65,3),(66,3),(71,3),(72,3),(94,3),(95,3),(96,3),(97,3),(98,3),(99,3),(100,3),(101,3),(102,3),(103,3),(113,3),(114,3),(115,3),(116,3),(117,3),(118,3),(119,3),(76,4),(77,4),(46,5),(73,5),(74,5),(68,6),(69,6),(104,6),(105,6),(106,6),(107,6),(108,6),(109,6),(110,6),(111,6),(112,6),(1,7),(10,8),(11,8),(12,8),(13,8),(14,8),(15,8),(16,8),(17,8),(18,8),(19,8),(20,8),(21,8),(22,8),(67,9),(75,9),(76,10),(77,10),(47,11),(48,11),(49,11),(50,11),(51,11),(52,11),(53,11),(54,11),(55,11),(56,11),(57,11),(58,11),(59,11),(60,11),(61,11),(62,11),(63,11),(64,11),(80,11),(81,11),(82,11),(83,11),(84,11),(85,11),(86,11),(87,11),(88,11),(89,11),(90,11),(91,11),(92,11),(93,11),(78,12),(79,12),(23,13),(24,13),(25,13),(26,13),(27,13),(28,13),(29,13),(30,13),(31,13),(32,13),(33,13),(34,13),(35,13),(36,13),(37,13),(38,13),(39,13),(40,13),(41,13),(42,13),(43,13),(44,13),(45,13),(71,14),(72,14),(113,14),(114,14),(115,14),(116,14),(117,14),(118,14),(119,14),(2,15),(3,15),(4,15),(5,15),(6,15),(7,15),(8,15),(9,15),(65,16),(66,16),(94,16),(95,16),(96,16),(97,16),(98,16),(99,16),(100,16),(101,16),(102,16),(103,16);
/*!40000 ALTER TABLE `traeger_kat_mapping` ENABLE KEYS */;
UNLOCK TABLES;

--
-- Dumping routines for database 'sozialraum_db_neu'
--
/*!40103 SET TIME_ZONE=@OLD_TIME_ZONE */;

/*!40101 SET SQL_MODE=@OLD_SQL_MODE */;
/*!40014 SET FOREIGN_KEY_CHECKS=@OLD_FOREIGN_KEY_CHECKS */;
/*!40014 SET UNIQUE_CHECKS=@OLD_UNIQUE_CHECKS */;
/*!40101 SET CHARACTER_SET_CLIENT=@OLD_CHARACTER_SET_CLIENT */;
/*!40101 SET CHARACTER_SET_RESULTS=@OLD_CHARACTER_SET_RESULTS */;
/*!40101 SET COLLATION_CONNECTION=@OLD_COLLATION_CONNECTION */;
/*!40111 SET SQL_NOTES=@OLD_SQL_NOTES */;

-- Dump completed on 2017-03-07 14:35:20
